--
-- PostgreSQL database dump
--

-- Dumped from database version 12.17 (Ubuntu 12.17-1.pgdg22.04+1)
-- Dumped by pg_dump version 12.17 (Ubuntu 12.17-1.pgdg22.04+1)

SET statement_timeout = 0;
SET lock_timeout = 0;
SET idle_in_transaction_session_timeout = 0;
SET client_encoding = 'UTF8';
SET standard_conforming_strings = on;
SELECT pg_catalog.set_config('search_path', '', false);
SET check_function_bodies = false;
SET xmloption = content;
SET client_min_messages = warning;
SET row_security = off;

DROP DATABASE universe;
--
-- Name: universe; Type: DATABASE; Schema: -; Owner: freecodecamp
--

CREATE DATABASE universe WITH TEMPLATE = template0 ENCODING = 'UTF8' LC_COLLATE = 'C.UTF-8' LC_CTYPE = 'C.UTF-8';


ALTER DATABASE universe OWNER TO freecodecamp;

\connect universe

SET statement_timeout = 0;
SET lock_timeout = 0;
SET idle_in_transaction_session_timeout = 0;
SET client_encoding = 'UTF8';
SET standard_conforming_strings = on;
SELECT pg_catalog.set_config('search_path', '', false);
SET check_function_bodies = false;
SET xmloption = content;
SET client_min_messages = warning;
SET row_security = off;

SET default_tablespace = '';

SET default_table_access_method = heap;

--
-- Name: asteroids; Type: TABLE; Schema: public; Owner: freecodecamp
--

CREATE TABLE public.asteroids (
    asteroids_id integer NOT NULL,
    name character varying(30) NOT NULL,
    description text
);


ALTER TABLE public.asteroids OWNER TO freecodecamp;

--
-- Name: asteroids_asteroid_id_seq; Type: SEQUENCE; Schema: public; Owner: freecodecamp
--

CREATE SEQUENCE public.asteroids_asteroid_id_seq
    AS integer
    START WITH 1
    INCREMENT BY 1
    NO MINVALUE
    NO MAXVALUE
    CACHE 1;


ALTER TABLE public.asteroids_asteroid_id_seq OWNER TO freecodecamp;

--
-- Name: asteroids_asteroid_id_seq; Type: SEQUENCE OWNED BY; Schema: public; Owner: freecodecamp
--

ALTER SEQUENCE public.asteroids_asteroid_id_seq OWNED BY public.asteroids.asteroids_id;


--
-- Name: galaxy; Type: TABLE; Schema: public; Owner: freecodecamp
--

CREATE TABLE public.galaxy (
    galaxy_id integer NOT NULL,
    name character varying(30) NOT NULL,
    description text,
    has_life boolean,
    size numeric(4,1)
);


ALTER TABLE public.galaxy OWNER TO freecodecamp;

--
-- Name: galaxy_galaxy_id_seq; Type: SEQUENCE; Schema: public; Owner: freecodecamp
--

CREATE SEQUENCE public.galaxy_galaxy_id_seq
    AS integer
    START WITH 1
    INCREMENT BY 1
    NO MINVALUE
    NO MAXVALUE
    CACHE 1;


ALTER TABLE public.galaxy_galaxy_id_seq OWNER TO freecodecamp;

--
-- Name: galaxy_galaxy_id_seq; Type: SEQUENCE OWNED BY; Schema: public; Owner: freecodecamp
--

ALTER SEQUENCE public.galaxy_galaxy_id_seq OWNED BY public.galaxy.galaxy_id;


--
-- Name: moon; Type: TABLE; Schema: public; Owner: freecodecamp
--

CREATE TABLE public.moon (
    moon_id integer NOT NULL,
    name character varying(30) NOT NULL,
    arrivals integer,
    planet_id integer,
    diameter_in_km numeric(4,1)
);


ALTER TABLE public.moon OWNER TO freecodecamp;

--
-- Name: moon_moon_id_seq; Type: SEQUENCE; Schema: public; Owner: freecodecamp
--

CREATE SEQUENCE public.moon_moon_id_seq
    AS integer
    START WITH 1
    INCREMENT BY 1
    NO MINVALUE
    NO MAXVALUE
    CACHE 1;


ALTER TABLE public.moon_moon_id_seq OWNER TO freecodecamp;

--
-- Name: moon_moon_id_seq; Type: SEQUENCE OWNED BY; Schema: public; Owner: freecodecamp
--

ALTER SEQUENCE public.moon_moon_id_seq OWNED BY public.moon.moon_id;


--
-- Name: planet; Type: TABLE; Schema: public; Owner: freecodecamp
--

CREATE TABLE public.planet (
    planet_id integer NOT NULL,
    name character varying(30) NOT NULL,
    population integer,
    has_water boolean,
    star_id integer
);


ALTER TABLE public.planet OWNER TO freecodecamp;

--
-- Name: planet_planet_id_seq; Type: SEQUENCE; Schema: public; Owner: freecodecamp
--

CREATE SEQUENCE public.planet_planet_id_seq
    AS integer
    START WITH 1
    INCREMENT BY 1
    NO MINVALUE
    NO MAXVALUE
    CACHE 1;


ALTER TABLE public.planet_planet_id_seq OWNER TO freecodecamp;

--
-- Name: planet_planet_id_seq; Type: SEQUENCE OWNED BY; Schema: public; Owner: freecodecamp
--

ALTER SEQUENCE public.planet_planet_id_seq OWNED BY public.planet.planet_id;


--
-- Name: star; Type: TABLE; Schema: public; Owner: freecodecamp
--

CREATE TABLE public.star (
    star_id integer NOT NULL,
    name character varying(30) NOT NULL,
    temperature numeric(4,1),
    is_alive boolean,
    galaxy_id integer
);


ALTER TABLE public.star OWNER TO freecodecamp;

--
-- Name: star_start_id_seq; Type: SEQUENCE; Schema: public; Owner: freecodecamp
--

CREATE SEQUENCE public.star_start_id_seq
    AS integer
    START WITH 1
    INCREMENT BY 1
    NO MINVALUE
    NO MAXVALUE
    CACHE 1;


ALTER TABLE public.star_start_id_seq OWNER TO freecodecamp;

--
-- Name: star_start_id_seq; Type: SEQUENCE OWNED BY; Schema: public; Owner: freecodecamp
--

ALTER SEQUENCE public.star_start_id_seq OWNED BY public.star.star_id;


--
-- Name: asteroids asteroids_id; Type: DEFAULT; Schema: public; Owner: freecodecamp
--

ALTER TABLE ONLY public.asteroids ALTER COLUMN asteroids_id SET DEFAULT nextval('public.asteroids_asteroid_id_seq'::regclass);


--
-- Name: galaxy galaxy_id; Type: DEFAULT; Schema: public; Owner: freecodecamp
--

ALTER TABLE ONLY public.galaxy ALTER COLUMN galaxy_id SET DEFAULT nextval('public.galaxy_galaxy_id_seq'::regclass);


--
-- Name: moon moon_id; Type: DEFAULT; Schema: public; Owner: freecodecamp
--

ALTER TABLE ONLY public.moon ALTER COLUMN moon_id SET DEFAULT nextval('public.moon_moon_id_seq'::regclass);


--
-- Name: planet planet_id; Type: DEFAULT; Schema: public; Owner: freecodecamp
--

ALTER TABLE ONLY public.planet ALTER COLUMN planet_id SET DEFAULT nextval('public.planet_planet_id_seq'::regclass);


--
-- Name: star star_id; Type: DEFAULT; Schema: public; Owner: freecodecamp
--

ALTER TABLE ONLY public.star ALTER COLUMN star_id SET DEFAULT nextval('public.star_start_id_seq'::regclass);


--
-- Data for Name: asteroids; Type: TABLE DATA; Schema: public; Owner: freecodecamp
--

INSERT INTO public.asteroids VALUES (1, 'Eros', NULL);
INSERT INTO public.asteroids VALUES (2, 'Hermes', NULL);
INSERT INTO public.asteroids VALUES (3, 'Icarus', NULL);


--
-- Data for Name: galaxy; Type: TABLE DATA; Schema: public; Owner: freecodecamp
--

INSERT INTO public.galaxy VALUES (1, 'Milky Way', NULL, NULL, NULL);
INSERT INTO public.galaxy VALUES (2, 'Andromeda', NULL, NULL, NULL);
INSERT INTO public.galaxy VALUES (3, 'Cygnus A.', NULL, NULL, NULL);
INSERT INTO public.galaxy VALUES (4, 'Magellanic Clouds', NULL, NULL, NULL);
INSERT INTO public.galaxy VALUES (5, 'Virgo A', NULL, NULL, NULL);
INSERT INTO public.galaxy VALUES (6, 'Maffei I and II', NULL, NULL, NULL);


--
-- Data for Name: moon; Type: TABLE DATA; Schema: public; Owner: freecodecamp
--

INSERT INTO public.moon VALUES (1, 'The Moon', 6, 1, NULL);
INSERT INTO public.moon VALUES (2, 'Fobos', NULL, 2, NULL);
INSERT INTO public.moon VALUES (3, 'Deimos', NULL, 2, NULL);
INSERT INTO public.moon VALUES (4, 'Europa', 5, 5, NULL);
INSERT INTO public.moon VALUES (5, 'Ganimedes', 5, 5, NULL);
INSERT INTO public.moon VALUES (6, 'Io', 5, 5, NULL);
INSERT INTO public.moon VALUES (7, 'Calisto', 5, 5, NULL);
INSERT INTO public.moon VALUES (8, 'Amaltea', 5, 5, NULL);
INSERT INTO public.moon VALUES (9, 'Euphoria', 5, 5, NULL);
INSERT INTO public.moon VALUES (10, 'Titan', NULL, 7, NULL);
INSERT INTO public.moon VALUES (11, 'Mimas', NULL, 7, NULL);
INSERT INTO public.moon VALUES (12, 'Dione', NULL, 7, NULL);
INSERT INTO public.moon VALUES (13, 'Japeto', NULL, 7, NULL);
INSERT INTO public.moon VALUES (14, 'Tetis', NULL, 7, NULL);
INSERT INTO public.moon VALUES (15, 'Hiperion', NULL, 7, NULL);
INSERT INTO public.moon VALUES (16, 'Febe', NULL, 7, NULL);
INSERT INTO public.moon VALUES (17, 'Rea', NULL, 7, NULL);
INSERT INTO public.moon VALUES (18, 'Telesto', NULL, 7, NULL);
INSERT INTO public.moon VALUES (19, 'Dafne', NULL, 7, NULL);
INSERT INTO public.moon VALUES (20, 'Triton', NULL, 6, NULL);


--
-- Data for Name: planet; Type: TABLE DATA; Schema: public; Owner: freecodecamp
--

INSERT INTO public.planet VALUES (1, 'Earth', NULL, NULL, 1);
INSERT INTO public.planet VALUES (2, 'Mars', NULL, NULL, 2);
INSERT INTO public.planet VALUES (3, 'Venus', NULL, NULL, 3);
INSERT INTO public.planet VALUES (4, 'Uranus', NULL, NULL, 4);
INSERT INTO public.planet VALUES (5, 'Jupyter', NULL, NULL, 5);
INSERT INTO public.planet VALUES (6, 'Neptune', NULL, NULL, 6);
INSERT INTO public.planet VALUES (8, 'Pluto', NULL, NULL, 1);
INSERT INTO public.planet VALUES (9, 'Mercury', NULL, NULL, 2);
INSERT INTO public.planet VALUES (10, 'Kepler', NULL, NULL, 4);
INSERT INTO public.planet VALUES (11, 'Gliese', NULL, NULL, 5);
INSERT INTO public.planet VALUES (12, 'CoRoT', NULL, NULL, 6);
INSERT INTO public.planet VALUES (7, 'Saturn', NULL, NULL, 2);


--
-- Data for Name: star; Type: TABLE DATA; Schema: public; Owner: freecodecamp
--

INSERT INTO public.star VALUES (1, 'Absolutno', NULL, NULL, 1);
INSERT INTO public.star VALUES (2, 'Acamar', NULL, NULL, 2);
INSERT INTO public.star VALUES (3, 'Anadolu', NULL, NULL, 3);
INSERT INTO public.star VALUES (4, 'Arcalís', NULL, NULL, 4);
INSERT INTO public.star VALUES (5, 'Bubup', NULL, NULL, 5);
INSERT INTO public.star VALUES (6, 'Dingolay', NULL, NULL, 6);


--
-- Name: asteroids_asteroid_id_seq; Type: SEQUENCE SET; Schema: public; Owner: freecodecamp
--

SELECT pg_catalog.setval('public.asteroids_asteroid_id_seq', 3, true);


--
-- Name: galaxy_galaxy_id_seq; Type: SEQUENCE SET; Schema: public; Owner: freecodecamp
--

SELECT pg_catalog.setval('public.galaxy_galaxy_id_seq', 6, true);


--
-- Name: moon_moon_id_seq; Type: SEQUENCE SET; Schema: public; Owner: freecodecamp
--

SELECT pg_catalog.setval('public.moon_moon_id_seq', 20, true);


--
-- Name: planet_planet_id_seq; Type: SEQUENCE SET; Schema: public; Owner: freecodecamp
--

SELECT pg_catalog.setval('public.planet_planet_id_seq', 12, true);


--
-- Name: star_start_id_seq; Type: SEQUENCE SET; Schema: public; Owner: freecodecamp
--

SELECT pg_catalog.setval('public.star_start_id_seq', 6, true);


--
-- Name: asteroids asteroids_name_key; Type: CONSTRAINT; Schema: public; Owner: freecodecamp
--

ALTER TABLE ONLY public.asteroids
    ADD CONSTRAINT asteroids_name_key UNIQUE (name);


--
-- Name: asteroids asteroids_pkey; Type: CONSTRAINT; Schema: public; Owner: freecodecamp
--

ALTER TABLE ONLY public.asteroids
    ADD CONSTRAINT asteroids_pkey PRIMARY KEY (asteroids_id);


--
-- Name: galaxy galaxy_name_key; Type: CONSTRAINT; Schema: public; Owner: freecodecamp
--

ALTER TABLE ONLY public.galaxy
    ADD CONSTRAINT galaxy_name_key UNIQUE (name);


--
-- Name: galaxy galaxy_pkey; Type: CONSTRAINT; Schema: public; Owner: freecodecamp
--

ALTER TABLE ONLY public.galaxy
    ADD CONSTRAINT galaxy_pkey PRIMARY KEY (galaxy_id);


--
-- Name: moon moon_name_key; Type: CONSTRAINT; Schema: public; Owner: freecodecamp
--

ALTER TABLE ONLY public.moon
    ADD CONSTRAINT moon_name_key UNIQUE (name);


--
-- Name: moon moon_pkey; Type: CONSTRAINT; Schema: public; Owner: freecodecamp
--

ALTER TABLE ONLY public.moon
    ADD CONSTRAINT moon_pkey PRIMARY KEY (moon_id);


--
-- Name: planet planet_name_key; Type: CONSTRAINT; Schema: public; Owner: freecodecamp
--

ALTER TABLE ONLY public.planet
    ADD CONSTRAINT planet_name_key UNIQUE (name);


--
-- Name: planet planet_pkey; Type: CONSTRAINT; Schema: public; Owner: freecodecamp
--

ALTER TABLE ONLY public.planet
    ADD CONSTRAINT planet_pkey PRIMARY KEY (planet_id);


--
-- Name: star star_galaxy_id_key; Type: CONSTRAINT; Schema: public; Owner: freecodecamp
--

ALTER TABLE ONLY public.star
    ADD CONSTRAINT star_galaxy_id_key UNIQUE (galaxy_id);


--
-- Name: star star_pkey; Type: CONSTRAINT; Schema: public; Owner: freecodecamp
--

ALTER TABLE ONLY public.star
    ADD CONSTRAINT star_pkey PRIMARY KEY (star_id);


--
-- Name: moon moon_planet_id_fkey; Type: FK CONSTRAINT; Schema: public; Owner: freecodecamp
--

ALTER TABLE ONLY public.moon
    ADD CONSTRAINT moon_planet_id_fkey FOREIGN KEY (planet_id) REFERENCES public.planet(planet_id);


--
-- Name: planet planet_star_id_fkey; Type: FK CONSTRAINT; Schema: public; Owner: freecodecamp
--

ALTER TABLE ONLY public.planet
    ADD CONSTRAINT planet_star_id_fkey FOREIGN KEY (star_id) REFERENCES public.star(star_id);


--
-- Name: star star_galaxy_id_fkey; Type: FK CONSTRAINT; Schema: public; Owner: freecodecamp
--

ALTER TABLE ONLY public.star
    ADD CONSTRAINT star_galaxy_id_fkey FOREIGN KEY (galaxy_id) REFERENCES public.galaxy(galaxy_id);


--
-- PostgreSQL database dump complete
--

